7.0cu ft 13-Cycle Electric Dryer, White|
7.2cu ft 3-Cycle Electric Dryer, White|
7.3cu ft 8-Cycle Electric Dryer, White|
7.4cu ft 10-Cycle Smart Wi-Fi Enabled Electric Dryer, White|
3.8cu ft 12-Cycle Top-Loading Washer, White|
3.8cu ft 12-Cycle Top-Loading Washer, White |
4.1cu ft 11-Cycle HE Top-Loading Washer, White|
4.2cu ft 11-Cycle Top-Loading Washer, White on White|
4.3cu ft 12-Cycle Top-Loading Washer, White|
24"" Front Control Tall Tub Built-In Dishwasher, Stainless Steel|
24"" Tall Tub Built-In Dishwasher, Monochromatic Stainless Steel|
1.6cu ft Over-the-Range Microwave, Black on Stainless|
1.6cu ft Over-the-Range Microwave, Stainless Steel|
30"" Built-In Single Electric Wall Oven, Stainless Steel|
30"" Combination Double Electric Convection Wall Oven with Built-In Microwave|
5.0cu ft Freestanding Gas Range, Stainless Steel|
5.1cu ft Freestanding Gas Range, Stainless Steel|
5.3cu ft Slide-In Electric Range, Stainless Steel|
6.3cu ft Slide-In Electric Range with ProBake Convection, Stainless Steel|
24.7cu ft French Door Refrigerator, Black Stainless Steel|
25.1cu ft Side-by-Side Refrigerator, Fingerprint Resistant, Stainless Steel|
26.2cu ft French Door Smart Wi-Fi Enabled Refrigerator, PrintProof, Black Stainless|
26.8cu ft French Door Refrigerator, Stainless Steel|
27.8cu ft 4 Door French Door Refrigerator, PrintProof, InstaView Door-in-Door, Stainless|
App-Controlled Robot Vacuum|
App-Controlled Robot Vacuum|
App-Controlled Self-Charging Robot Vacuum|
App-Controlled Self-Charging Robot Vacuum|
Bagless Cordless Pet Handheld/Stick Vacuum|
Ball Animal + Allergy Bagless Upright Vacuum|
Ball Animal 2 Bagless Upright Vacuum|
Wireless Earbud Headphones|
Sport Wireless Earbud Headphones|
DSLR Camera, Body Only, Black|
DSLR Camera, Body Only, Black|
DSLR Camera with 18-55mm IS STM Lens, Black|
DSLR Two Lens Kit with 18-55mm and 70-300mm Lenses, Black|
DSLR Two Lens Kit with AF-P DX NIKKOR 18-55mmf/3.5-5.6G VR &|
DSLR Two Lens Kit with EF-S 18-55mm IS II and EF 75-300m|
Full-Frame Mirrorless Camera with 28-70mm Lens, Black|
Mirrorless Camera Two Lens Kit with 16-50mm and 55-210mm Le|
Mirrorless Camera with FE 28-70mm F3.5-5.6 OSS Lens|
Mirrorless Camera with Lens|
Wireless Bluetooth Headset - Black|
Wireless Noise Cancelling Earbud Headphones - Graphite|
Wireless Wearable Speaker - Black|
23.8"" Touch-Screen All-in-One, AMD Ryzen 3-Series, 8GB Memory, 256GB|
23.8"" Touch-Screen All-in-One, Intel Core i5, 12GB RAM, 256GB SSD|
27"" Touch-Screen All-in-One, Intel Core i7, 12GB RAM, 256GB SSD|
Desktop, Intel Core i7, 8GB RAM, 256GB SSD|
Intel Core i7 9700, 16GB RAM, NVIDIA GeForce GTX 1660 Ti,|
2-in-1 11.6"" Touch-Screen Chromebook, 4GB RAM, 32GB eMMC Flash Mem|
2-in-1 11.6"" Touch-Screen Chromebook, Intel Celeron, 4GB RAM, 32GB|
2-in-1 12.2"" Touch-Screen Chromebook, Intel Celeron, 4GB RAM, 32G|
2-in-1 14"" Touch-Screen Chromebook, Intel Core i3, 4GB RAM, 128GB|
2-in-1 14"" Touch-Screen Chromebook, Intel Core i3, 8GB RAM, 64GB eMMC Fla|
2-in-1 11.6"" 4GB RAM 32GB Flash Memory|
2-in-1 11.6"" Touch-Screen Laptop, Intel Pentium, 4GB RAM, 128GB|
2-in-1 13.3"" 8GB RAM 256GB Flash Memory |
2-in-1 14"" Touch-Screen Laptop, Intel Core i5, 8GB RAM, 256GB S|
2-in-1 15.6"" 4K Ultra HD Touch-Screen Laptop, Intel Core i7, 16GB|
11.6"" Chromebook, Intel Atom x5, 2GB Ram, 16GB eMMC Flash Memory|
11.6"" Chromebook, Intel Atom x5, 4GB Memory, 32GB eMMC Flash Memo|
11.4"" Laptop, AMD A6 Series, 4GB Ram, AMD Radeon R4, 65GB e|
13.5"" 8GB RAM 256GB Solid State Drive|
14"" Laptop, AMD A9 Series, 4GB Ram, AMD Radeon R5, 128GB SSD, WIndows|
15.6"" Touch-Screen Laptop, Intel Core i3, 8GB Ram, 128GB SSD|
15.6"" Touch-Screen Laptop, Intel Core i5, 8GB Ram, 256GB SSD|
15"" 16GB RAM 256GB Solid State Drive|
17.3"" Laptop, Intel Core i5, 8GB Memory, 256GB SSD, Jet Black, Maglia Pattern|
2-in-1 15.6"" Touch-Screen Laptop, Intel Core i7, 12GB RAM, 512GB S|
20.7"" LED FHD Monitor|
24"" LED FHD Monitor, Black|
27"" IPS LED FHD FreeSync Monitor, 27f|
27"" LED QHD G-Sync Monitor, Black|
28"" LED 4K UHD Monitor, UE590 Series|
31.5"" IPS LED FHD Monitor|
32"" LED QHD Monitor|
Color Wireless All-in-One Printer|
Wireless All-in-One Instant Ink Ready Printer|
Wireless All-in-One Printer|
Wireless All-in-One Printer|
Wireless All-in-One Printer|
Wireless Color All-in-One Printer|
10.1"" Tablet, 32GB|
12.3"" Tablet, 64GB|
40"" 1080p Smart LED HDTV, 5 Series|
43"" 4K UHD HDR Smart LED TV, 6 Series|
32"" 720p LED HDTV|
32"" 720p Smart LED HDTV Roku TV, 3 Series|
32"" LED 720p Smart TV, H5500 Series|
50"" 4K UHD HDR Smart LED Roku TV|
50"" 4K UHD HDR Smart LED TV, 7 Series|
50"" 4K UHD HDR Smart LED TV, NU6900 Series|
55"" 4K UHD HDR Smart LED Roku TV, 4 Series|
55"" 4K UHD HDR Smart LED TV, NU6900 Series|
55"" 4K UHD HDR Smart LED TV, UK6090PUA Series|
55"" 4K UHD HDR Smart LED TV, X800G Series|
55"" 4K UHD HDR Smart OLED TV, A8G Series|
65"" 4K UHD HDR Smart LED Roku TV, 4 Series|
65"" 4K UHD HDR Smart LED TV, 7 Series|
65"" 4K UHD HDR Smart LED TV, H6500F Series|
65"" 4K UHD HDR Smart LED TV, NU6900 Series|
65"" 4K UHD HDR Smart LED TV, X800G Series|
65"" 4K UHD HDR Smart LED TV, X900F Series|
65"" 4K UHD HDR Smart OLED TV, A8G Series|
65"" 4K UHD HDR Smart QLED TV, Q60 Series|
65"" 4K UHD HDR Smart QLED TV, Q70 Series|
65"" 4K UHD HDR Smart QLED TV, Q80 Series|
70"" 4K UHD HDR Smart LED TV, 6 Series|
75"" 4K UHD HDR LED Smart TV, X800G Series|
75"" 4K UHD HDR Smart LED TV, NU6900 Series|
75"" 4K UHD HDR Smart QLED TV, Q60 Series|
75"" 4K UHD HDR Smart QLED TV, Q70 Series|
85"" 4K UHD HDR Smart LED TV, X900F Series|
4K Ultra HD Blu-Ray Player|
Streaming 4K Ultra HD Audio Wi-Fi Built-In Blu-Ray Player|
Streaming 4K Ultra HD Hi-Res Audio Wi-Fi Built-In Blu-Ray Player|
Streaming 4K Ultra HD Hi-Res Audio Wi-Fi Built-In Blu-Ray Player|
Streaming Audio Blu-Ray Player |
Streaming Audio Wi-Fi Built-In Blu-Ray Player|
1TB Fortnite Neo Versa Console Bundle - Jet Black|
1TB NBA 2K20 Bundle - Black|
1TB Star Wars Jedi: Fallen Order Deluxe Edition Console Bundle|
32GB Console - Gray Joy-Con + 2 more items|
Gamer Master Gaming Desktop, AMD Ryzen 3 2300X, 8GB Memory|
Gamer Master Gaming Desktop, AMD Ryzen 5 3600, 8GB Memory |
Gamer Supreme Liquid Cool Gaming Desktop, AMD Ryzen 7 3700X|
Gaming Desktop, Intel Core i5-9400F, 8GB RAM, NVIDIA GeForce G|
Gaming Desktop, Intel Core i7-9700K, 16GB RAM, NVIDIA GeForce|
15.6"" Gaming Laptop, AMD Ryzen 5, 8GB Ram, NVIDIA GeForce GTX 1050, 25|
15.6"" Gaming Laptop, Intel Core i5, 8GB RAM, NVIDIA GeForce GTX 1650, 51|
15.6"" Gaming Laptop, Intel Core i7, 32GB RAM, NVIDIA GeForce RTX 2060, 5|
17.3"" Gaming Laptop, Intel Core i7, 16GB RAM, NVIDIA GeForce GTX 1660 T|
