FOSHAN CHEONGYUK BUILDING MATERIALS LIMITED,86-757-82715909,South Area of Foshan International ceramics Exhibition Center:3/F|Building A| 9 Yongxing Avenue|Foshan| China,Myself,86-757-82715909
AHRSUNG CERAMIC CO.|LTD,82-2-542-1866,1F| 130-1| NONHYEON-DONG| GANGNAM-GU| SEOUL KOREA,,
Guolong CO.|LTD,0757-22232192,,,
Guangzhou Abdulrahman Saleh Abdulaziz Alsaawi Trading Co.|Ltd,13826262360,,,
Artistic stone,,,,
Mr Anwarul,+88-01711-720924,Sadharan Bima Sadan(2nd floor)| 102| Agrabad Commercial Area| Chittagong-4100| Banglaesh,,+88-031-713983
Ken Singaporn,,,,
PT.PERWIRA TAMARAYA ABADI CO.| LTD,,,,
ROYAL PHYU TRADING CO.|LTD,+95 1 646633,NO.1033| PYAY ROAD| INSEIN TOWNSHIP| YANGON| MYANMAR.,,
Ms Shwe,+959 260067470,NO.11(A)| AUNG THEIKDI ROAD| MAYANGONE T/S| YANGON| MYANMAR.,,
