10/08/2021,1:22 PM,justo nec condimentum,False
09/08/2021,7:47 PM,mauris morbi non,False
05/08/2021,1:40 PM,nec,False
20/07/2021,2:25 AM,in magna bibendum imperdiet nullam,False
18/07/2021,10:58 AM,ut,False
14/07/2021,5:42 AM,nam congue risus semper porta,False
11/07/2021,12:21 AM,tellus,False
22/06/2021,4:04 PM,elementum pellentesque,False
19/06/2021,8:04 PM,sit amet justo morbi,False
29/05/2021,4:00 PM,eros,False
13/05/2021,4:57 AM,sapien sapien,False
09/05/2021,9:51 AM,convallis nunc,False
07/05/2021,1:11 PM,ipsum,False
06/05/2021,5:20 PM,purus,False
04/05/2021,5:26 PM,erat fermentum justo nec condimentum,False
01/05/2021,5:31 AM,pharetra magna vestibulum aliquet ultrices erat,False
30/04/2021,7:18 AM,ante vestibulum ante ipsum primis in,False
10/04/2021,6:21 PM,ac nulla sed vel enim sit,False
10/04/2021,4:55 PM,augue vestibulum,False
16/03/2021,3:31 PM,scelerisque mauris sit,False
15/03/2021,3:51 AM,habitasse platea dictumst aliquam augue quam,False
04/03/2021,12:11 AM,ut rhoncus aliquet,False
22/02/2021,4:09 PM,velit vivamus,False
10/02/2021,10:14 AM,amet,False
07/01/2021,6:07 PM,eros elementum,False
29/12/2020,4:35 PM,et tempus,False
26/11/2020,7:14 AM,eu magna vulputate luctus cum sociis,False
25/11/2020,10:58 AM,massa id,False
22/11/2020,12:50 PM,semper interdum mauris ullamcorper,False
30/10/2020,2:41 AM,varius,False
27/10/2020,11:19 PM,in tempor turpis,False
09/10/2020,11:42 PM,at ipsum ac tellus semper,False
03/10/2020,8:06 AM,id ornare,False
30/09/2020,5:22 AM,faucibus orci luctus et ultrices posuere,False
17/09/2020,5:12 PM,interdum eu,False
30/08/2020,7:22 AM,morbi sem,False
29/08/2020,9:42 PM,eros vestibulum ac,False
22/08/2020,9:48 AM,vel enim,False
20/07/2020,6:16 PM,donec pharetra magna vestibulum aliquet,False
16/07/2020,10:15 AM,at velit,False
05/07/2020,10:47 PM,vel,False
24/06/2020,12:06 PM,sapien urna pretium nisl,False
01/06/2020,10:44 PM,cursus urna ut,False
27/05/2020,5:48 PM,ante,False
26/05/2020,1:53 PM,mus etiam vel augue,False
26/05/2020,1:48 PM,nam dui proin leo,False
16/05/2020,2:20 AM,amet cursus id turpis integer aliquet,False
11/05/2020,2:47 AM,ipsum integer a,False
25/04/2020,9:22 AM,et magnis dis parturient,False
02/04/2020,9:16 PM,consequat dui nec nisi,False
27/03/2020,2:21 PM,at,False
12/02/2020,9:53 PM,sapien cursus vestibulum proin,False
08/02/2020,4:45 AM,dolor,False
07/02/2020,11:02 AM,et ultrices posuere cubilia,False
28/01/2020,10:46 PM,donec posuere,False
26/01/2020,6:39 PM,donec diam neque vestibulum,False
07/01/2020,2:59 PM,vivamus in felis eu sapien,False
20/12/2019,10:59 AM,venenatis,False
19/12/2019,6:07 AM,in,False
14/12/2019,6:14 PM,libero nullam,False
07/12/2019,5:47 AM,nisi vulputate nonummy maecenas,False
04/12/2019,12:12 PM,duis aliquam convallis nunc proin at,False
02/12/2019,10:53 AM,mauris laoreet,False
28/11/2019,11:28 PM,duis aliquam convallis,False
27/11/2019,3:59 PM,donec vitae nisi nam,False
23/11/2019,3:27 PM,posuere cubilia curae nulla,False
11/11/2019,11:39 AM,ipsum primis in faucibus,False
04/11/2019,1:50 AM,ridiculus mus etiam vel augue,False
01/11/2019,11:54 AM,sit amet turpis elementum,False
16/10/2019,8:28 PM,arcu adipiscing molestie hendrerit,False
12/10/2019,8:13 AM,est donec odio,False
07/10/2019,8:53 PM,urna ut tellus nulla ut erat,False
12/09/2019,5:08 AM,sed ante vivamus tortor duis mattis,False
09/09/2019,5:56 AM,tempus semper est quam pharetra magna,False
08/09/2019,11:44 AM,eu pede,False
14/08/2021,2:59 AM,vestibulum velit id pretium iaculis diam,True
08/08/2021,2:07 AM,dui,True
05/08/2021,5:18 PM,metus,True
02/08/2021,9:09 AM,venenatis turpis enim blandit mi,True
28/07/2021,1:39 PM,tristique,True
16/07/2021,1:06 AM,natoque penatibus et,True
14/07/2021,10:32 PM,luctus nec molestie,True
10/07/2021,8:43 PM,eget vulputate ut ultrices,True
03/07/2021,6:30 AM,nullam molestie nibh in lectus pellentesque,True
29/06/2021,9:45 PM,vestibulum ante,True
23/06/2021,10:22 AM,tempor,True
12/06/2021,4:12 PM,sed nisl nunc rhoncus dui,True
27/05/2021,2:41 PM,id pretium,True
23/05/2021,1:15 AM,augue luctus tincidunt,True
14/05/2021,8:14 PM,sed interdum venenatis turpis enim,True
13/05/2021,6:48 PM,erat tortor sollicitudin mi,True
04/05/2021,5:04 PM,turpis enim blandit mi in porttitor,True
02/05/2021,1:46 PM,sapien iaculis congue vivamus metus arcu,True
30/04/2021,2:32 AM,at lorem,True
21/04/2021,4:49 AM,amet turpis elementum,True
19/04/2021,9:17 AM,tortor risus dapibus augue,True
11/04/2021,3:11 PM,ut rhoncus aliquet pulvinar sed,True
10/04/2021,12:30 PM,rutrum,True
06/04/2021,8:27 AM,turpis integer aliquet massa,True
25/03/2021,4:06 AM,convallis nulla neque,True
14/03/2021,11:08 AM,sed augue aliquam,True
09/03/2021,5:13 AM,lorem ipsum dolor sit,True
08/03/2021,10:59 AM,rutrum,True
07/03/2021,4:38 AM,quam,True
23/02/2021,2:11 PM,integer non velit donec diam,True
19/02/2021,9:08 PM,in purus eu magna,True
14/02/2021,5:29 AM,metus aenean fermentum donec ut,True
02/02/2021,1:42 AM,nec molestie sed justo,True
01/02/2021,12:29 AM,non pretium quis lectus,True
30/01/2021,5:27 PM,justo in hac habitasse,True
24/01/2021,7:47 PM,potenti,True
21/01/2021,9:54 PM,consequat varius integer ac,True
21/01/2021,5:58 AM,sit amet lobortis,True
18/01/2021,7:47 AM,odio,True
18/01/2021,7:37 AM,ut erat id,True
13/01/2021,3:33 AM,eu,True
11/01/2021,10:17 PM,ultrices mattis,True
04/01/2021,10:42 AM,pharetra magna vestibulum aliquet ultrices,True
03/01/2021,6:49 AM,lacinia erat vestibulum sed magna,True
26/12/2020,3:20 AM,sagittis sapien,True
18/12/2020,7:33 PM,montes nascetur,True
13/12/2020,2:30 AM,accumsan felis ut at dolor quis,True
30/11/2020,3:55 PM,tempus sit amet sem fusce consequat,True
19/11/2020,3:09 PM,non,True
13/11/2020,1:12 AM,donec pharetra magna vestibulum aliquet ultrices,True
12/11/2020,10:01 PM,leo,True
05/11/2020,8:29 AM,eu massa donec dapibus duis at,True
30/10/2020,8:29 AM,in magna bibendum imperdiet nullam orci,True
27/10/2020,9:05 AM,mi integer ac,True
26/10/2020,11:07 AM,elementum ligula vehicula,True
13/10/2020,3:10 PM,fringilla rhoncus mauris enim,True
09/10/2020,9:41 PM,est risus auctor sed,True
08/10/2020,8:41 PM,metus sapien ut nunc vestibulum ante,True
04/10/2020,9:05 PM,mi,True
04/10/2020,5:20 AM,quis turpis eget elit sodales,True
02/10/2020,10:25 PM,sapien,True
02/10/2020,3:33 AM,congue vivamus metus arcu adipiscing,True
12/09/2020,11:41 PM,augue vel accumsan tellus,True
13/08/2020,7:15 PM,bibendum imperdiet nullam orci pede,True
09/08/2020,11:44 PM,praesent blandit,True
08/08/2020,8:54 PM,adipiscing lorem vitae,True
04/08/2020,10:07 AM,eu,True
25/07/2020,11:27 AM,morbi non lectus aliquam,True
20/07/2020,8:38 PM,in,True
16/07/2020,1:07 AM,quis orci eget orci vehicula,True
10/07/2020,6:43 PM,nisi nam,True
10/07/2020,8:32 AM,in quam,True
27/05/2020,4:11 PM,ipsum primis in faucibus orci luctus,True
27/05/2020,6:03 AM,quis,True
17/05/2020,6:06 PM,sit,True
10/05/2020,11:18 AM,mauris enim leo rhoncus sed,True
09/05/2020,10:17 PM,lacus,True
08/05/2020,2:07 AM,nulla ut erat id,True
28/04/2020,12:51 AM,nulla tellus,True
24/04/2020,4:29 PM,vulputate luctus cum sociis natoque penatibus,True
18/04/2020,12:49 PM,varius,True
11/04/2020,8:51 AM,sit amet diam in magna bibendum,True
09/04/2020,12:29 PM,lorem ipsum,True
04/04/2020,7:20 AM,pulvinar lobortis est phasellus sit,True
25/03/2020,7:42 AM,luctus,True
22/03/2020,7:43 PM,tincidunt eget tempus vel pede morbi,True
18/03/2020,7:14 PM,duis,True
14/03/2020,12:33 AM,elit proin interdum mauris non,True
03/03/2020,6:38 AM,nec euismod scelerisque quam turpis adipiscing,True
25/02/2020,9:55 AM,duis ac,True
24/02/2020,2:19 PM,id nulla,True
02/02/2020,2:27 PM,ut odio,True
29/01/2020,2:06 AM,pharetra magna ac,True
23/01/2020,9:40 AM,at velit,True
20/01/2020,2:03 PM,id,True
19/01/2020,7:15 AM,sed augue aliquam,True
16/01/2020,5:06 PM,justo pellentesque,True
12/01/2020,5:19 PM,porta volutpat erat quisque erat,True
12/01/2020,12:31 AM,lacinia,True
06/01/2020,8:58 AM,augue vestibulum rutrum,True
06/01/2020,2:36 AM,eu,True
05/01/2020,7:54 PM,vel est donec,True
28/12/2019,8:57 PM,ante vestibulum ante ipsum primis in,True
27/12/2019,2:46 AM,congue elementum in hac habitasse platea,True
09/12/2019,2:14 AM,pede justo lacinia,True
27/11/2019,7:02 AM,ornare consequat lectus,True
23/11/2019,5:53 AM,nisl venenatis lacinia,True
17/11/2019,11:36 AM,quis libero nullam sit amet turpis,True
17/11/2019,2:17 AM,dolor sit,True
09/11/2019,12:04 PM,condimentum curabitur in,True
01/11/2019,1:03 PM,hendrerit at vulputate vitae,True
27/10/2019,6:12 AM,scelerisque quam turpis adipiscing lorem vitae,True
05/10/2019,10:21 PM,augue vel accumsan,True
05/10/2019,4:56 PM,in blandit,True
03/10/2019,12:34 PM,mauris ullamcorper purus sit,True
01/10/2019,02:38 AM,sapien varius ut blandit,True
13/09/2019,09:15 AM,in hac habitasse platea dictumst,True
09/09/2019,07:45 AM,vestibulum ante ipsum primis in,True
08/09/2019,01:59 AM,enim lorem ipsum dolor,True
05/09/2019,03:09 AM,amet eros suspendisse accumsan tortor quis,True
02/09/2019,08:17 AM,gravida sem,True
21/08/2019,02:31 AM,duis ac nibh fusce lacus purus,True
19/08/2019,02:28 PM,vel dapibus at diam nam tristique,True
18/08/2019,11:55 AM,enim blandit mi in porttitor,True
17/08/2019,03:02 PM,venenatis lacinia aenean sit amet justo,True
